{"llm_metrics": {"answer_relevancy": {"value": 0.6069998203607219, "standard_deviation": 0.3256649671733494}}}